{
  "dataset": {
    "n_rows": 335000,
    "n_features": 113,
    "positive_rate": 0.4824955223880597,
    "target": "label",
    "id_column": "idx"
  },
  "split": {
    "test_size": 0.2,
    "random_state": 42,
    "stratified": true
  },
  "baseline_features": [
    "age",
    "man",
    "woman"
  ],
  "model_features": [
    "age",
    "man",
    "woman",
    "cat17",
    "cat74",
    "cat42",
    "cat96",
    "cat13",
    "cat16",
    "cat11",
    "cat35",
    "cat60",
    "cat68",
    "cat10",
    "cat37",
    "u4",
    "cat29",
    "cat98",
    "cat40",
    "cat46",
    "cat2",
    "cat41",
    "cat44",
    "cat89",
    "cat53",
    "cat23",
    "cat21",
    "cat36",
    "cat8",
    "cat20",
    "cat67",
    "cat4",
    "cat81",
    "cat84",
    "cat27",
    "cat55",
    "u9",
    "cat34",
    "cat22",
    "cat71",
    "cat32",
    "cat3",
    "cat43",
    "cat52",
    "cat83",
    "cat7",
    "cat26",
    "cat15",
    "u3",
    "cat70",
    "u5",
    "cat24",
    "cat49",
    "cat1",
    "cat19",
    "u1",
    "cat77",
    "cat72",
    "cat91",
    "cat73",
    "cat57",
    "cat87",
    "cat75",
    "cat54",
    "cat33",
    "cat61",
    "cat59",
    "cat63",
    "cat9",
    "cat99",
    "cat76",
    "cat95",
    "u0",
    "cat86",
    "cat97",
    "cat58",
    "cat69",
    "cat88",
    "cat0",
    "cat56",
    "u2",
    "cat85",
    "cat25",
    "cat94",
    "u6",
    "cat47",
    "cat51",
    "cat80",
    "cat93",
    "cat5",
    "cat18",
    "cat79",
    "cat48",
    "cat78",
    "cat65",
    "cat14",
    "cat50",
    "cat30",
    "cat31",
    "cat92",
    "cat28",
    "cat38",
    "cat64",
    "cat62",
    "cat6",
    "cat39",
    "cat45",
    "cat66",
    "cat12",
    "cat82",
    "u7",
    "u8",
    "cat90"
  ],
  "baseline_metrics_at_0_5": {
    "auc": 0.6595418451784313,
    "accuracy": 0.6307462686567165,
    "f1": 0.6415843305421146,
    "precision": 0.6033679391809041,
    "recall": 0.6849692207752034,
    "shown_rate": 0.5477462686567164
  },
  "full_model_metrics_at_0_5": {
    "auc": 0.8565476014120411,
    "accuracy": 0.7740597014925373,
    "f1": 0.7629279293388042,
    "precision": 0.7726076061788308,
    "recall": 0.7534877965787113,
    "shown_rate": 0.47055223880597014
  },
  "selected_threshold": 0.6,
  "selected_threshold_metrics": {
    "threshold": 0.6,
    "shown_rate": 0.3877462686567164,
    "precision": 0.8180453443165634,
    "recall": 0.6574071209824605,
    "f1": 0.7289815799403149,
    "accuracy": 0.7641492537313432,
    "tp": 21252.0,
    "fp": 4727.0,
    "fn": 11075.0,
    "tn": 29946.0
  },
  "model": {
    "type": "LogisticRegression",
    "solver": "lbfgs",
    "max_iter": 1000,
    "preprocessing": "none",
    "pmml_file": "models/model.pmml"
  }
}